institution_code,standard_institution_code,institution_name,normalized_name,aliases,ministry,institution_type,institution_classification,sido,sigungu
C0847,,(사)남북교류협력지원협회,남북교류협력지원협회,남북교류협력지원협회,,기타공공기관,문화예술외교법무,,
C0454,,(재)예술경영지원센터,예술경영지원센터,예술경영지원센터,,기타공공기관,문화예술외교법무,,
C0352,,(재)우체국금융개발원,우체국금융개발원,우체국금융개발원,,준정부기관(위탁집행형),금융,,
C0331,,(재)우체국물류지원단,우체국물류지원단,우체국물류지원단,,준정부기관(위탁집행형),산업진흥정보화,,
C0368,,(재)우체국시설관리단,우체국시설관리단,우체국시설관리단,,기타공공기관,기타,,
C0931,,(재)일제강제동원피해자지원재단,일제강제동원피해자지원재단,일제강제동원피해자지원재단,,기타공공기관,기타,,
C1030,,(재)축산환경관리원,축산환경관리원,축산환경관리원,,기타공공기관,농림수산환경,,
C1304,,(재)한국보건의료정보원,한국보건의료정보원,한국보건의료정보원,,기타공공기관,고용보건복지,,
C0354,,(재)한국우편사업진흥원,한국우편사업진흥원,한국우편사업진흥원,,기타공공기관,산업진흥정보화,,
C1060,,(재)한국통계정보원,한국통계정보원,한국통계정보원,,기타공공기관,기타,,
C0887,,(재)한국통계진흥원,한국통계진흥원,한국통계진흥원,,기타공공기관,SOC,,
C0005,,(주)강원랜드,강원랜드,강원랜드,,공기업(시장형),문화예술외교법무,,
C1024,,(주)공영홈쇼핑,공영홈쇼핑,공영홈쇼핑,,기타공공기관,산업진흥정보화,,
C0125,,(주)한국가스기술공사,한국가스기술공사,한국가스기술공사,,공기업(준시장형),에너지,,
C0001,,88관광개발(주),88관광개발,88관광개발,,기타공공기관,기타,,
C0437,,KDI국제정책대학원,kdi국제정책대학원,,,기타공공기관,연구교육,,
C1399,,가덕도신공항건설공단,가덕도신공항건설공단,,,기타공공기관,SOC,,
C0002,,가축위생방역지원본부,가축위생방역지원본부,,,기타공공기관,농림수산환경,,
C0004,,강원대학교병원,강원대학교병원,강원대병원|대병원,,기타공공기관,고용보건복지,,
C0003,,강원대학교치과병원,강원대학교치과병원,,,기타공공기관,고용보건복지,,
C0006,,건강보험심사평가원,건강보험심사평가원,,,준정부기관(위탁집행형),고용보건복지,,
C0672,,건설근로자공제회,건설근로자공제회,,,기타공공기관,고용보건복지,,
C0438,,건축공간연구원,건축공간연구원,,,기타공공기관,연구교육,,
C0402,,게임물관리위원회,게임물관리위원회,,,기타공공기관,문화예술외교법무,,
C0008,,경북대학교병원,경북대학교병원,경북대병원|대병원,,기타공공기관,고용보건복지,,
C1031,,경북대학교치과병원,경북대학교치과병원,,,기타공공기관,기타,,
C0009,,경상국립대학교병원,경상국립대학교병원,경상국립대병원|대병원,,기타공공기관,고용보건복지,,
C0010,,경제인문사회연구회,경제인문사회연구회,,,기타공공기관,연구교육,,
C1028,,공간정보산업진흥원,공간정보산업진흥원,,,기타공공기관,SOC,,
C1327,,공간정보품질관리원,공간정보품질관리원,,,기타공공기관,기타,,
C0013,,공무원연금공단,공무원연금공단,,,준정부기관(기금관리형),기타,,
C1038,,과학기술사업화진흥원,과학기술사업화진흥원,,,기타공공기관,산업진흥정보화,,
C0017,,과학기술정책연구원,과학기술정책연구원,,,기타공공기관,연구교육,,
C0457,,국가과학기술인력개발원,국가과학기술인력개발원,,,기타공공기관,연구교육,,
C1120,,국가생명윤리정책원,국가생명윤리정책원,,,기타공공기관,고용보건복지,,
C0441,,국가수리과학연구소,국가수리과학연구소,,,기타공공기관,연구교육,,
C1303,,국가아동권리보장원,국가아동권리보장원,,,기타공공기관,고용보건복지,,
C0191,,국가유산진흥원,국가유산진흥원,,,기타공공기관,연구교육,,
C0270,,국가철도공단,국가철도공단,,,준정부기관(위탁집행형),SOC,,
C0410,,국가평생교육진흥원,국가평생교육진흥원,,,기타공공기관,연구교육,,
C0021,,국립공원공단,국립공원공단,,,준정부기관(위탁집행형),농림수산환경,,
C0923,,국립광주과학관,국립광주과학관,,,기타공공기관,문화예술외교법무,,
C1018,,국립낙동강생물자원관,국립낙동강생물자원관,,,기타공공기관,연구교육,,
C1375,,국립농업박물관,국립농업박물관,,,기타공공기관,문화예술외교법무,,
C0924,,국립대구과학관,국립대구과학관,,,기타공공기관,문화예술외교법무,,
C0344,,국립박물관문화재단,국립박물관문화재단,,,기타공공기관,문화예술외교법무,,
C1051,,국립부산과학관,국립부산과학관,,,기타공공기관,문화예술외교법무,,
C0879,,국립생태원,국립생태원,,,준정부기관(위탁집행형),농림수산환경,,
C1362,,국립아시아문화전당재단,국립아시아문화전당재단,,,기타공공기관,기타,,
C0023,,국립암센터,국립암센터,,,기타공공기관,고용보건복지,,
C1333,,국립울진해양과학관,국립울진해양과학관,,,기타공공기관,에너지,,
C1395,,국립인천해양박물관,국립인천해양박물관,,,기타공공기관,SOC,,
C0446,,국립중앙의료원,국립중앙의료원,,,기타공공기관,고용보건복지,,
C1324,,국립항공박물관,국립항공박물관,,,기타공공기관,문화예술외교법무,,
C1016,,국립해양박물관,국립해양박물관,,,기타공공기관,문화예술외교법무,,
C1021,,국립해양생물자원관,국립해양생물자원관,,,기타공공기관,연구교육,,
C1334,,국립호남권생물자원관,국립호남권생물자원관,,,기타공공기관,연구교육,,
C0026,,국민건강보험공단,국민건강보험공단,건보,,준정부기관(위탁집행형),고용보건복지,,
C0459,,국민건강보험공단 일산병원,국민건강보험공단일산병원,건보|건보 일산병원|국민건강보험공단일산병원,,준정부기관(위탁집행형),고용보건복지,,
C0028,,국민연금공단,국민연금공단,,,준정부기관(기금관리형),고용보건복지,,
C0345,,국방과학연구소,국방과학연구소,,,기타공공기관,연구교육,,
C1402,,국방기술진흥연구소,국방기술진흥연구소,,,기타공공기관,기타,,
C0347,,국방기술품질원,국방기술품질원,,,기타공공기관,기타,,
C1027,,국방전직교육원,국방전직교육원,,,기타공공기관,기타,,
C0406,,국악방송,국악방송,,,기타공공기관,문화예술외교법무,,
C0031,,국제방송교류재단,국제방송교류재단,,,기타공공기관,문화예술외교법무,,
C0866,,국제식물검역인증원,국제식물검역인증원,,,기타공공기관,농림수산환경,,
C0318,,국토교통과학기술진흥원,국토교통과학기술진흥원,,,기타공공기관,연구교육,,
C0225,,국토안전관리원,국토안전관리원,,,준정부기관(위탁집행형),SOC,,
C0032,,국토연구원,국토연구원,,,기타공공기관,연구교육,,
C0357,,그랜드코리아레저(주),그랜드코리아레저,그랜드코리아레저,,공기업(준시장형),문화예술외교법무,,
C0383,,극지연구소,극지연구소,,,기타공공기관,연구교육,,
C0035,,근로복지공단,근로복지공단,,,준정부기관(기금관리형),고용보건복지,,
C0038,,기술보증기금,기술보증기금,,,준정부기관(기금관리형),금융,,
C0856,,기초과학연구원,기초과학연구원,,,기타공공기관,연구교육,,
C0173,,노사발전재단,노사발전재단,,,기타공공기관,고용보건복지,,
C0860,,농림수산식품교육문화정보원,농림수산식품교육문화정보원,,,기타공공기관,농림수산환경,,
C0404,,농림식품기술기획평가원,농림식품기술기획평가원,,,기타공공기관,농림수산환경,,
C0542,,농업정책보험금융원,농업정책보험금융원,,,기타공공기관,금융,,
C0894,,대구경북첨단의료산업진흥재단,대구경북첨단의료산업진흥재단,,,기타공공기관,연구교육,,
C0051,,대외경제정책연구원,대외경제정책연구원,,,기타공공기관,연구교육,,
C0054,,대한무역투자진흥공사,대한무역투자진흥공사,,,준정부기관(위탁집행형),산업진흥정보화,,
C0055,,대한법률구조공단,대한법률구조공단,,,기타공공기관,문화예술외교법무,,
C0057,,대한석탄공사,대한석탄공사,,,기타공공기관,에너지,,
C0315,,대한장애인체육회,대한장애인체육회,,,기타공공기관,기타,,
C0059,,대한적십자사,대한적십자사,,,기타공공기관,고용보건복지,,
C0063,,대한체육회,대한체육회,,,기타공공기관,문화예술외교법무,,
C0065,,독립기념관,독립기념관,,,기타공공기관,문화예술외교법무,,
C0448,,동남권원자력의학원,동남권원자력의학원,,,기타공공기관,기타,,
C0358,,동북아역사재단,동북아역사재단,,,기타공공기관,연구교육,,
C0367,,무역안보관리원,무역안보관리원,,,기타공공기관,기타,,
C0068,,민주화운동기념사업회,민주화운동기념사업회,,,기타공공기관,기타,,
C0071,,부산대학교병원,부산대학교병원,대병원|부산대병원,,기타공공기관,고용보건복지,,
C0853,,부산대학교치과병원,부산대학교치과병원,,,기타공공기관,고용보건복지,,
C0072,,부산항만공사,부산항만공사,,,기타공공기관,SOC,,
C0449,,북한이탈주민지원재단,북한이탈주민지원재단,,,기타공공기관,문화예술외교법무,,
C0444,,분당서울대학교병원,분당서울대학교병원,대병원|분당서울대병원,,기타공공기관,연구교육,,
C0075,,사립학교교직원연금공단,사립학교교직원연금공단,,,기타공공기관,고용보건복지,,
C0078,,산업연구원,산업연구원,,,기타공공기관,연구교육,,
C1130,,새만금개발공사,새만금개발공사,,,기타공공기관,SOC,,
C1046,,서민금융진흥원,서민금융진흥원,,,기타공공기관,금융,,
C0083,,서울대학교병원,서울대학교병원,대병원|서울대병원,,기타공공기관,고용보건복지,,
C0084,,서울대학교치과병원,서울대학교치과병원,,,기타공공기관,고용보건복지,,
C0029,,서울올림픽기념국민체육진흥공단,서울올림픽기념국민체육진흥공단,,,준정부기관(기금관리형),기타,,
C0939,,서울요양원,서울요양원,,,준정부기관(위탁집행형),고용보건복지,,
C0905,,선박해양플랜트연구소,선박해양플랜트연구소,,,기타공공기관,연구교육,,
C0867,,세종학당재단,세종학당재단,,,기타공공기관,문화예술외교법무,,
C0903,,소상공인시장진흥공단,소상공인시장진흥공단,,,준정부기관(기금관리형),산업진흥정보화,,
C0906,,소프트웨어정책연구소,소프트웨어정책연구소,,,기타공공기관,연구교육,,
C0089,,수도권매립지관리공사,수도권매립지관리공사,,,기타공공기관,기타,,
C1331,,스포츠윤리센터,스포츠윤리센터,,,기타공공기관,기타,,
C1033,,시청자미디어재단,시청자미디어재단,,,기타공공기관,문화예술외교법무,,
C0661,,식품안전정보원,식품안전정보원,,,기타공공기관,기타,,
C0091,,신용보증기금,신용보증기금,,,준정부기관(기금관리형),금융,,
C0112,,신용보증재단중앙회,신용보증재단중앙회,,,기타공공기관,금융,,
C0918,,아시아·태평양경제협력체 기후센터,아시아·태평양경제협력체기후센터,아시아·태평양경제협력체기후센터,,기타공공기관,농림수산환경,,
C1398,,양육비이행관리원,양육비이행관리원,,,기타공공기관,SOC,,
C0096,,에너지경제연구원,에너지경제연구원,,,기타공공기관,연구교육,,
C0281,,여수광양항만공사,여수광양항만공사,,,기타공공기관,SOC,,
C0050,,연구개발특구진흥재단,연구개발특구진흥재단,,,기타공공기관,산업진흥정보화,,
C0098,,영상물등급위원회,영상물등급위원회,,,기타공공기관,문화예술외교법무,,
C0099,,영화진흥위원회,영화진흥위원회,,,기타공공기관,기타,,
C0101,,예금보험공사,예금보험공사,,,준정부기관(기금관리형),금융,,
C0102,,예술의전당,예술의전당,,,기타공공기관,문화예술외교법무,,
C0896,,오송첨단의료산업진흥재단,오송첨단의료산업진흥재단,,,기타공공기관,고용보건복지,,
C0365,,울산항만공사,울산항만공사,,,기타공공기관,SOC,,
C0440,,육아정책연구소,육아정책연구소,,,기타공공기관,기타,,
C1064,,의료기관평가인증원,의료기관평가인증원,,,기타공공기관,고용보건복지,,
C0105,,인천국제공항공사,인천국제공항공사,,,공기업(시장형),SOC,,
C0107,,인천항만공사,인천항만공사,,,기타공공기관,SOC,,
C1401,,자동차손해배상진흥원,자동차손해배상진흥원,,,기타공공기관,기타,,
C1318,,재단법인 건설기술교육원,건설기술교육원,재단법인건설기술교육원,,기타공공기관,연구교육,,
C1108,,재단법인 대한건설기계안전관리원,대한건설기계안전관리원,재단법인대한건설기계안전관리원,,기타공공기관,기타,,
C1017,,재단법인 장애인기업종합지원센터,장애인기업종합지원센터,재단법인장애인기업종합지원센터,,기타공공기관,기타,,
C1102,,재단법인 한국공공조직은행,한국공공조직은행,재단법인한국공공조직은행,,기타공공기관,고용보건복지,,
C1109,,재단법인 한국에너지재단,한국에너지재단,재단법인한국에너지재단,,기타공공기관,에너지,,
C0861,,재단법인 한국자활복지개발원,한국자활복지개발원,재단법인한국자활복지개발원,,기타공공기관,고용보건복지,,
C1103,,재단법인 한국장기조직기증원,한국장기조직기증원,재단법인한국장기조직기증원,,기타공공기관,고용보건복지,,
C1383,,재외동포협력센터,재외동포협력센터,,,기타공공기관,기타,,
C0553,,전국재해구호협회,전국재해구호협회,,,기타공공기관,SOC,,
C0113,,전남대학교병원,전남대학교병원,대병원|전남대병원,,기타공공기관,고용보건복지,,
C0114,,전북대학교병원,전북대학교병원,대병원|전북대병원,,기타공공기관,고용보건복지,,
C0115,,전쟁기념사업회,전쟁기념사업회,,,기타공공기관,연구교육,,
C0908,,정보통신기획평가원,정보통신기획평가원,,,준정부기관(위탁집행형),기타,,
C0394,,정보통신산업진흥원,정보통신산업진흥원,,,기타공공기관,산업진흥정보화,,
C0120,,정보통신정책연구원,정보통신정책연구원,,,기타공공기관,산업진흥정보화,,
C0376,,정부법무공단,정부법무공단,,,기타공공기관,문화예술외교법무,,
C0121,,제주국제자유도시개발센터,제주국제자유도시개발센터,,,공기업(준시장형),SOC,,
C0122,,제주대학교병원,제주대학교병원,대병원|제주대병원,,기타공공기관,고용보건복지,,
C1044,,주식회사 에스알,에스알,주식회사에스알,,공기업(준시장형),SOC,,
C0124,,주택관리공단(주),주택관리공단,주택관리공단,,기타공공기관,기타,,
C0061,,주택도시보증공사,주택도시보증공사,,,공기업(준시장형),금융,,
C0129,,중소기업기술정보진흥원,중소기업기술정보진흥원,,,기타공공기관,산업진흥정보화,,
C0127,,중소기업은행,중소기업은행,,,기타공공기관,금융,,
C0884,,중소벤처기업연구원,중소벤처기업연구원,,,기타공공기관,연구교육,,
C0130,,중소벤처기업진흥공단,중소벤처기업진흥공단,,,준정부기관(기금관리형),산업진흥정보화,,
C1378,,중앙사회서비스원,중앙사회서비스원,,,기타공공기관,SOC,,
C1330,,차세대수치예보모델개발사업단,차세대수치예보모델개발사업단,,,기타공공기관,연구교육,,
C0451,,창업진흥원,창업진흥원,,,기타공공기관,기타,,
C0134,,축산물품질평가원,축산물품질평가원,,,준정부기관(위탁집행형),농림수산환경,,
C0135,,충남대학교병원,충남대학교병원,대병원|충남대병원,,기타공공기관,고용보건복지,,
C0136,,충북대학교병원,충북대학교병원,대병원|충북대병원,,기타공공기관,고용보건복지,,
C0314,,코레일관광개발(주),코레일관광개발,코레일관광개발,,기타공공기관,기타,,
C0327,,코레일네트웍스(주),코레일네트웍스,코레일네트웍스,,기타공공기관,SOC,,
C0140,,코레일로지스(주),코레일로지스,코레일로지스,,기타공공기관,SOC,,
C0272,,코레일유통(주),코레일유통,코레일유통,,기타공공기관,SOC,,
C0387,,코레일테크(주),코레일테크,코레일테크,,기타공공기관,기타,,
C0409,,태권도진흥재단,태권도진흥재단,,,기타공공기관,문화예술외교법무,,
C0141,,통일연구원,통일연구원,,,기타공공기관,문화예술외교법무,,
C0144,,학교법인한국폴리텍,한국폴리텍,,,기타공공기관,연구교육,,
C0147,,한국가스공사,한국가스공사,,,공기업(시장형),에너지,,
C0148,,한국가스안전공사,한국가스안전공사,,,준정부기관(위탁집행형),에너지,,
C0151,,한국개발연구원,한국개발연구원,,,기타공공기관,연구교육,,
C0845,,한국건강가정진흥원,한국건강가정진흥원,,,기타공공기관,고용보건복지,,
C0854,,한국건강증진개발원,한국건강증진개발원,,,기타공공기관,연구교육,,
C1319,,한국고용노동교육원,한국고용노동교육원,,,기타공공기관,기타,,
C0321,,한국고용정보원,한국고용정보원,,,준정부기관(위탁집행형),고용보건복지,,
C0067,,한국고전번역원,한국고전번역원,,,기타공공기관,연구교육,,
C0452,,한국공예디자인문화진흥원,한국공예디자인문화진흥원,,,기타공공기관,문화예술외교법무,,
C0655,,한국공정거래조정원,한국공정거래조정원,,,기타공공기관,문화예술외교법무,,
C0157,,한국공항공사,한국공항공사,,,공기업(시장형),SOC,,
C0158,,한국과학기술기획평가원,한국과학기술기획평가원,,,기타공공기관,연구교육,,
C0163,,한국과학창의재단,한국과학창의재단,,,기타공공기관,연구교육,,
C0165,,한국관광공사,한국관광공사,,,준정부기관(위탁집행형),문화예술외교법무,,
C1400,,한국관세정보원,한국관세정보원,,,기타공공기관,SOC,,
C1364,,한국광해광업공단,한국광해광업공단,,,공기업(준시장형),에너지,,
C0167,,한국교육개발원,한국교육개발원,,,기타공공기관,연구교육,,
C0168,,한국교육과정평가원,한국교육과정평가원,,,기타공공기관,연구교육,,
C0145,,한국교육학술정보원,한국교육학술정보원,,,기타공공기관,연구교육,,
C0019,,한국교통안전공단,한국교통안전공단,,,준정부기관(위탁집행형),SOC,,
C0170,,한국교통연구원,한국교통연구원,,,기타공공기관,연구교육,,
C0171,,한국국방연구원,한국국방연구원,,,기타공공기관,연구교육,,
C0172,,한국국제교류재단,한국국제교류재단,,,기타공공기관,문화예술외교법무,,
C0379,,한국국제보건의료재단,한국국제보건의료재단,,,기타공공기관,고용보건복지,,
C0146,,한국국제협력단,한국국제협력단,,,준정부기관(위탁집행형),문화예술외교법무,,
C0062,,한국국토정보공사,한국국토정보공사,,,준정부기관(위탁집행형),SOC,,
C0864,,한국기상산업기술원,한국기상산업기술원,,,기타공공기관,산업진흥정보화,,
C0175,,한국기술교육대학교,한국기술교육대학교,,,기타공공기관,연구교육,,
C0631,,한국나노기술원,한국나노기술원,,,기타공공기관,연구교육,,
C0042,,한국남동발전(주),한국남동발전,한국남동발전,,공기업(시장형),에너지,,
C0043,,한국남부발전(주),한국남부발전,한국남부발전,,공기업(시장형),에너지,,
C0179,,한국노동연구원,한국노동연구원,,,기타공공기관,연구교육,,
C0378,,한국노인인력개발원,한국노인인력개발원,,,기타공공기관,고용보건복지,,
C0045,,한국농수산식품유통공사,한국농수산식품유통공사,,,준정부기관(위탁집행형),농림수산환경,,
C0046,,한국농어촌공사,한국농어촌공사,,,준정부기관(위탁집행형),농림수산환경,,
C0422,,한국농업기술진흥원,한국농업기술진흥원,,,기타공공기관,농림수산환경,,
C0181,,한국농촌경제연구원,한국농촌경제연구원,,,기타공공기관,연구교육,,
C0527,,한국데이터산업진흥원,한국데이터산업진흥원,,,기타공공기관,산업진흥정보화,,
C0183,,한국도로공사,한국도로공사,,,공기업(시장형),SOC,,
C1294,,한국도로공사서비스(주),한국도로공사서비스,한국도로공사서비스,,기타공공기관,기타,,
C0064,,한국도로교통공단,한국도로교통공단,,,준정부기관(위탁집행형),SOC,,
C0922,,한국도박문제예방치유원,한국도박문제예방치유원,,,기타공공기관,고용보건복지,,
C0066,,한국동서발전(주),한국동서발전,한국동서발전,,공기업(시장형),에너지,,
C0844,,한국등산·트레킹지원센터,한국등산·트레킹지원센터,,,기타공공기관,기타,,
C0184,,한국디자인진흥원,한국디자인진흥원,,,기타공공기관,산업진흥정보화,,
C0450,,한국로봇산업진흥원,한국로봇산업진흥원,,,기타공공기관,산업진흥정보화,,
C0185,,한국마사회,한국마사회,,,공기업(준시장형),농림수산환경,,
C0571,,한국마약퇴치운동본부,한국마약퇴치운동본부,,,기타공공기관,기타,,
C0222,,한국무역보험공사,한국무역보험공사,,,준정부기관(기금관리형),금융,,
C0188,,한국문학번역원,한국문학번역원,,,기타공공기관,문화예술외교법무,,
C0189,,한국문화관광연구원,한국문화관광연구원,,,기타공공기관,연구교육,,
C0320,,한국문화예술교육진흥원,한국문화예술교육진흥원,,,기타공공기관,산업진흥정보화,,
C0190,,한국문화예술위원회,한국문화예술위원회,,,기타공공기관,산업진흥정보화,,
C0663,,한국문화정보원,한국문화정보원,,,기타공공기관,문화예술외교법무,,
C0192,,한국문화진흥주식회사,한국문화진흥,,,기타공공기관,산업진흥정보화,,
C1335,,한국물기술인증원,한국물기술인증원,,,기타공공기관,SOC,,
C0348,,한국발명진흥회,한국발명진흥회,,,기타공공기관,기타,,
C0196,,한국방송광고진흥공사,한국방송광고진흥공사,,,기타공공기관,문화예술외교법무,,
C0187,,한국방송통신전파진흥원,한국방송통신전파진흥원,,,준정부기관(위탁집행형),산업진흥정보화,,
C0152,,한국법무보호복지공단,한국법무보호복지공단,,,준정부기관(위탁집행형),문화예술외교법무,,
C0198,,한국법제연구원,한국법제연구원,,,기타공공기관,연구교육,,
C0199,,한국벤처투자,한국벤처투자,,,기타공공기관,금융,,
C0070,,한국보건복지인재원,한국보건복지인재원,,,기타공공기관,연구교육,,
C0200,,한국보건사회연구원,한국보건사회연구원,,,기타공공기관,연구교육,,
C0201,,한국보건산업진흥원,한국보건산업진흥원,,,기타공공기관,산업진흥정보화,,
C0662,,한국보건의료연구원,한국보건의료연구원,,,기타공공기관,연구교육,,
C0202,,한국보건의료인국가시험원,한국보건의료인국가시험원,,,기타공공기관,고용보건복지,,
C0203,,한국보훈복지의료공단,한국보훈복지의료공단,,,준정부기관(위탁집행형),고용보건복지,,
C0150,,한국부동산원,한국부동산원,,,공기업(준시장형),SOC,,
C0205,,한국사학진흥재단,한국사학진흥재단,,,기타공공기관,연구교육,,
C0411,,한국사회보장정보원,한국사회보장정보원,,,준정부기관(위탁집행형),고용보건복지,,
C0377,,한국사회복지협의회,한국사회복지협의회,,,기타공공기관,기타,,
C0456,,한국사회적기업진흥원,한국사회적기업진흥원,,,기타공공기관,산업진흥정보화,,
C1055,,한국산림복지진흥원,한국산림복지진흥원,,,준정부기관(위탁집행형),농림수산환경,,
C0397,,한국산업기술기획평가원,한국산업기술기획평가원,,,준정부기관(위탁집행형),산업진흥정보화,,
C0076,,한국산업기술시험원,한국산업기술시험원,,,기타공공기관,기타,,
C0393,,한국산업기술진흥원,한국산업기술진흥원,,,준정부기관(위탁집행형),산업진흥정보화,,
C0208,,한국산업단지공단,한국산업단지공단,,,준정부기관(위탁집행형),산업진흥정보화,,
C0209,,한국산업안전보건공단,한국산업안전보건공단,,,준정부기관(위탁집행형),고용보건복지,,
C0210,,한국산업은행,한국산업은행,,,기타공공기관,금융,,
C0211,,한국산업인력공단,한국산업인력공단,,,준정부기관(위탁집행형),고용보건복지,,
C0620,,한국상하수도협회,한국상하수도협회,,,기타공공기관,SOC,,
C1367,,한국생명존중희망재단,한국생명존중희망재단,,,기타공공기관,기타,,
C0082,,한국서부발전(주),한국서부발전,한국서부발전,,공기업(시장형),에너지,,
C0214,,한국석유공사,한국석유공사,,,공기업(시장형),에너지,,
C0215,,한국석유관리원,한국석유관리원,,,준정부기관(위탁집행형),에너지,,
C0103,,한국세라믹기술원,한국세라믹기술원,,,기타공공기관,연구교육,,
C0217,,한국소방산업기술원,한국소방산업기술원,,,기타공공기관,산업진흥정보화,,
C0218,,한국소비자원,한국소비자원,,,준정부기관(위탁집행형),기타,,
C0220,,한국수력원자력(주),한국수력원자력,한국수력원자력,,공기업(시장형),에너지,,
C1107,,한국수목원정원관리원,한국수목원정원관리원,,,준정부기관(위탁집행형),연구교육,,
C0455,,한국수산자원공단,한국수산자원공단,,,기타공공기관,농림수산환경,,
C0221,,한국수자원공사,한국수자원공사,,,공기업(준시장형),SOC,,
C1127,,한국수자원조사기술원,한국수자원조사기술원,,,기타공공기관,연구교육,,
C0223,,한국수출입은행,한국수출입은행,,,기타공공기관,금융,,
C1410,,한국스포츠레저(주),한국스포츠레저,한국스포츠레저,,기타공공기관,SOC,,
C0224,,한국승강기안전공단,한국승강기안전공단,,,준정부기관(위탁집행형),기타,,
C1138,,한국식품산업클러스터진흥원,한국식품산업클러스터진흥원,,,기타공공기관,산업진흥정보화,,
C1100,,한국식품안전관리인증원,한국식품안전관리인증원,,,기타공공기관,고용보건복지,,
C0594,,한국양성평등교육진흥원,한국양성평등교육진흥원,,,기타공공기관,연구교육,,
C0335,,한국어촌어항공단,한국어촌어항공단,,,기타공공기관,농림수산환경,,
C0412,,한국언론진흥재단,한국언론진흥재단,,,기타공공기관,산업진흥정보화,,
C0097,,한국에너지공단,한국에너지공단,,,준정부기관(위탁집행형),에너지,,
C0389,,한국에너지기술평가원,한국에너지기술평가원,,,기타공공기관,에너지,,
C0233,,한국에너지정보문화재단,한국에너지정보문화재단,,,기타공공기관,에너지,,
C0901,,한국여성과학기술인육성재단,한국여성과학기술인육성재단,,,기타공공기관,고용보건복지,,
C0902,,한국여성인권진흥원,한국여성인권진흥원,,,기타공공기관,고용보건복지,,
C0231,,한국여성정책연구원,한국여성정책연구원,,,기타공공기관,연구교육,,
C0388,,한국연구재단,한국연구재단,,,준정부기관(위탁집행형),연구교육,,
C0232,,한국영상자료원,한국영상자료원,,,기타공공기관,기타,,
C0849,,한국영유아보육·교육진흥원,한국영유아보육·교육진흥원,,,기타공공기관,고용보건복지,,
C0868,,한국예술인복지재단,한국예술인복지재단,,,기타공공기관,문화예술외교법무,,
C0916,,한국원산지정보원,한국원산지정보원,,,기타공공기관,연구교육,,
C0234,,한국원자력안전기술원,한국원자력안전기술원,,,기타공공기관,에너지,,
C0932,,한국원자력안전재단,한국원자력안전재단,,,기타공공기관,에너지,,
C0104,,한국원자력의학원,한국원자력의학원,,,기타공공기관,고용보건복지,,
C0020,,한국원자력통제기술원,한국원자력통제기술원,,,기타공공기관,기타,,
C0371,,한국원자력환경공단,한국원자력환경공단,,,준정부기관(위탁집행형),에너지,,
C0865,,한국의료기기안전정보원,한국의료기기안전정보원,,,기타공공기관,고용보건복지,,
C0870,,한국의료분쟁조정중재원,한국의료분쟁조정중재원,,,기타공공기관,기타,,
C0862,,한국의약품안전관리원,한국의약품안전관리원,,,기타공공기관,연구교육,,
C0399,,한국인터넷진흥원,한국인터넷진흥원,KISA,,준정부기관(위탁집행형),산업진흥정보화,,
C0857,,한국임업진흥원,한국임업진흥원,,,기타공공기관,산업진흥정보화,,
C0240,,한국자산관리공사,한국자산관리공사,,,준정부기관(기금관리형),금융,,
C0859,,한국잡월드,한국잡월드,,,기타공공기관,연구교육,,
C0243,,한국장애인개발원,한국장애인개발원,,,기타공공기관,고용보건복지,,
C0242,,한국장애인고용공단,한국장애인고용공단,,,준정부기관(위탁집행형),고용보건복지,,
C0415,,한국장학재단,한국장학재단,,,준정부기관(위탁집행형),금융,,
C1042,,한국재정정보원,한국재정정보원,,,준정부기관(위탁집행형),금융,,
C1049,,한국저작권보호원,한국저작권보호원,,,기타공공기관,문화예술외교법무,,
C0390,,한국저작권위원회,한국저작권위원회,,,기타공공기관,문화예술외교법무,,
C0244,,한국전기안전공사,한국전기안전공사,,,준정부기관(위탁집행형),기타,,
C0246,,한국전력거래소,한국전력거래소,,,준정부기관(위탁집행형),에너지,,
C0247,,한국전력공사,한국전력공사,한전,,공기업(시장형),에너지,,
C1070,,한국전력국제원자력대학원대학교,한국전력국제원자력대학원대학교,,,기타공공기관,연구교육,,
C0248,,한국전력기술주식회사,한국전력기술,,,공기업(준시장형),에너지,,
C1124,,한국제품안전관리원,한국제품안전관리원,,,기타공공기관,기타,,
C0256,,한국조세재정연구원,한국조세재정연구원,,,기타공공기관,연구교육,,
C0257,,한국조폐공사,한국조폐공사,,,공기업(준시장형),금융,,
C0258,,한국주택금융공사,한국주택금융공사,,,준정부기관(기금관리형),금융,,
C0259,,한국중부발전(주),한국중부발전,한국중부발전,,공기업(시장형),에너지,,
C0126,,한국중소벤처기업유통원,한국중소벤처기업유통원,,,기타공공기관,기타,,
C0392,,한국지능정보사회진흥원,한국지능정보사회진흥원,,,준정부기관(위탁집행형),산업진흥정보화,,
C0416,,한국지식재산보호원,한국지식재산보호원,,,기타공공기관,기타,,
C0407,,한국지식재산연구원,한국지식재산연구원,,,기타공공기관,기타,,
C0261,,한국지역난방공사,한국지역난방공사,,,공기업(시장형),에너지,,
C0264,,한국직업능력연구원,한국직업능력연구원,,,기타공공기관,연구교육,,
C0268,,한국철도공사,한국철도공사,,,공기업(준시장형),SOC,,
C0278,,한국청소년상담복지개발원,한국청소년상담복지개발원,,,기타공공기관,연구교육,,
C0276,,한국청소년정책연구원,한국청소년정책연구원,,,기타공공기관,연구교육,,
C0447,,한국청소년활동진흥원,한국청소년활동진흥원,,,기타공공기관,연구교육,,
C0280,,한국체육산업개발(주),한국체육산업개발,한국체육산업개발,,기타공공기관,기타,,
C0149,,한국출판문화산업진흥원,한국출판문화산업진흥원,,,기타공공기관,문화예술외교법무,,
C1386,,한국치산기술협회,한국치산기술협회,,,기타공공기관,기타,,
C0395,,한국콘텐츠진흥원,한국콘텐츠진흥원,,,기타공공기관,산업진흥정보화,,
C1368,,한국탄소산업진흥원,한국탄소산업진흥원,,,기타공공기관,산업진흥정보화,,
C0396,,한국토지주택공사,한국토지주택공사,LH,,공기업(준시장형),SOC,,
C0284,,한국투자공사,한국투자공사,,,기타공공기관,금융,,
C0858,,한국특허기술진흥원,한국특허기술진흥원,,,기타공공기관,기타,,
C0899,,한국특허전략개발원,한국특허전략개발원,,,기타공공기관,기타,,
C0340,,한국특허정보원,한국특허정보원,,,기타공공기관,산업진흥정보화,,
C0290,,한국학중앙연구원,한국학중앙연구원,,,기타공공기관,연구교육,,
C1053,,한국한의약진흥원,한국한의약진흥원,,,기타공공기관,고용보건복지,,
C0373,,한국항로표지기술원,한국항로표지기술원,,,기타공공기관,연구교육,,
C0297,,한국해양과학기술원,한국해양과학기술원,,,기타공공기관,연구교육,,
C0087,,한국해양교통안전공단,한국해양교통안전공단,,,준정부기관(위탁집행형),산업진흥정보화,,
C0295,,한국해양수산개발원,한국해양수산개발원,,,기타공공기관,연구교육,,
C0296,,한국해양수산연수원,한국해양수산연수원,,,기타공공기관,연구교육,,
C0654,,한국해양조사협회,한국해양조사협회,,,기타공공기관,농림수산환경,,
C1119,,한국해양진흥공사,한국해양진흥공사,,,기타공공기관,농림수산환경,,
C1131,,한국해외인프라도시개발지원공사,한국해외인프라도시개발지원공사,,,기타공공기관,기타,,
C0298,,한국행정연구원,한국행정연구원,,,기타공공기관,연구교육,,
C0299,,한국형사·법무정책연구원,한국형사·법무정책연구원,,,기타공공기관,연구교육,,
C0400,,한국환경공단,한국환경공단,,,준정부기관(위탁집행형),농림수산환경,,
C1062,,한국환경보전원,한국환경보전원,,,기타공공기관,농림수산환경,,
C0391,,한국환경산업기술원,한국환경산업기술원,,,준정부기관(위탁집행형),농림수산환경,,
C0302,,한국환경연구원,한국환경연구원,,,기타공공기관,연구교육,,
C0920,,한식진흥원,한식진흥원,,,기타공공기관,문화예술외교법무,,
C0306,,한전KDN,한전kdn,,,공기업(준시장형),에너지,,
C0305,,한전KPS(주),한전kps,한전KPS,,공기업(준시장형),에너지,,
C1352,,한전MCS(주),한전mcs,한전MCS,,기타공공기관,기타,,
C0236,,한전원자력연료주식회사,한전원자력연료,,,기타공공기관,에너지,,
C0900,,항공안전기술원,항공안전기술원,,,기타공공기관,기타,,
C0374,,해양수산과학기술진흥원,해양수산과학기술진흥원,,,기타공공기관,연구교육,,
C0533,,해양환경공단,해양환경공단,,,공기업(준시장형),농림수산환경,,
